"id_commande","date","client_id","produit","categorie","quantite","prix_unitaire","remise","ville","mode_paiement"
"CMD0002",2024-01-03,"C005","Crème hydratante","Beauté",2,22,0,"Paris","Virement"
"CMD0003",2024-01-03,"C072","Lampe de bureau","Maison",2,34.9,0.05,"Lyon","Carte"
"CMD0004",2024-01-05,"C026","Crème hydratante","Beauté",3,22,0.2,"Paris","Carte"
"CMD0005",2024-01-06,"C053","Lampe de bureau","Maison",1,34.9,0.1,"Marseille","Paypal"
"CMD0006",2024-01-07,"C095","Plaid en laine","Maison",1,45.5,0,"Lyon","Carte"
"CMD0007",2024-01-09,"C120","Coussin décoratif","Maison",2,19.9,0,"Lille","Carte"
"CMD0008",2024-01-11,"C017","Set de casseroles","Maison",1,79,0.05,"Nantes","Paypal"
"CMD0009",2024-01-12,"C068","Haltères 5 kg","Sport",1,29.9,0.1,"Marseille","Carte"
"CMD0010",2024-01-12,"C008","Corde à sauter","Sport",4,9.9,0.2,"Bordeaux","Paypal"
"CMD0011",2024-01-13,"C081","Parfum d'ambiance","Beauté",2,27,0,"Marseille","Carte"
"CMD0012",2024-01-14,"C113","Parfum d'ambiance","Beauté",2,27,0,"Lille","Carte"
"CMD0013",2024-01-15,"C063","Parfum d'ambiance","Beauté",2,27,0,"Lille","Virement"
"CMD0014",2024-01-15,"C022","Corde à sauter","Sport",1,9.9,0,"Marseille","Carte"
"CMD0015",2024-01-15,"C019","Haltères 5 kg","Sport",4,29.9,0,"Paris","Carte"
"CMD0016",2024-01-16,"C090","Huile d'argan","Beauté",1,15.9,0,"Paris","Carte"
"CMD0017",2024-01-21,"C059","Savon naturel","Beauté",4,6.5,0,"Lille","Carte"
"CMD0018",2024-01-22,"C026","Haltères 5 kg","Sport",2,29.9,0.05,"Paris","Paypal"
"CMD0019",2024-01-25,"C029","Coussin décoratif","Maison",2,19.9,0,"Marseille","Carte"
"CMD0020",2024-01-25,"C069","Coussin décoratif","Maison",1,19.9,0.1,"Lille","Virement"
"CMD0021",2024-01-25,"C074","Parfum d'ambiance","Beauté",1,27,0.15,"Lille","Paypal"
"CMD0022",2024-01-25,"C066","Haltères 5 kg","Sport",2,29.9,0.2,"Lyon","Carte"
"CMD0023",2024-01-27,"C002","Set de casseroles","Maison",4,79,0,"Marseille","Paypal"
"CMD0024",2024-01-27,"C025","Haltères 5 kg","Sport",1,29.9,0.1,"Lyon","Carte"
"CMD0025",2024-01-28,"C114","Tapis de yoga","Sport",3,24.9,0,"Lille","Carte"
"CMD0026",2024-01-28,"C007","Gourde isotherme","Sport",2,17.5,0.05,"Paris","Carte"
"CMD0027",2024-01-28,"C043","Lampe de bureau","Maison",3,34.9,0,"Paris","Inconnu"
"CMD0028",2024-01-29,"C052","Coussin décoratif","Maison",1,19.9,0,"Paris","Carte"
"CMD0029",2024-01-29,"C003","Tapis de yoga","Sport",2,24.9,0,"Lille","Carte"
"CMD0030",2024-01-29,"C010","Set de casseroles","Maison",1,79,0,"Paris","Carte"
"CMD0031",2024-01-30,"C070","Huile d'argan","Beauté",4,15.9,0,"Lyon","Paypal"
"CMD0032",2024-01-30,"C014","Tapis de yoga","Sport",2,24.9,0,"Lille","Carte"
"CMD0033",2024-02-02,"C021","Set de casseroles","Maison",3,79,0,"Paris","Paypal"
"CMD0034",2024-02-02,"C019","Plaid en laine","Maison",2,45.5,0.2,"Marseille","Carte"
"CMD0035",2024-02-05,"C104","Coussin décoratif","Maison",1,19.9,0,"Paris","Inconnu"
"CMD0036",2024-02-05,"C026","Haltères 5 kg","Sport",1,29.9,0.15,"Marseille","Paypal"
"CMD0037",2024-02-07,"C013","Huile d'argan","Beauté",3,15.9,0,"Nantes","Paypal"
"CMD0038",2024-02-08,"C084","Corde à sauter","Sport",1,9.9,0,"Bordeaux","Virement"
"CMD0039",2024-02-08,"C080","Gourde isotherme","Sport",5,17.5,0.2,"Paris","Carte"
"CMD0040",2024-02-10,"C109","Savon naturel","Beauté",2,6.5,0.2,"Paris","Inconnu"
"CMD0041",2024-02-11,"C032","Parfum d'ambiance","Beauté",2,27,0,"Lyon","Carte"
"CMD0042",2024-02-11,"C070","Coussin décoratif","Maison",4,19.9,0.15,"Lille","Virement"
"CMD0043",2024-02-12,"C046","Gourde isotherme","Sport",1,17.5,0,"Bordeaux","Paypal"
"CMD0044",2024-02-12,"C003","Corde à sauter","Sport",1,9.9,0,"Marseille","Carte"
"CMD0045",2024-02-16,"C087","Crème hydratante","Beauté",3,22,0,"Paris","Carte"
"CMD0046",2024-02-16,"C098","Coussin décoratif","Maison",2,19.9,0,"Paris","Carte"
"CMD0047",2024-02-16,"C075","Crème hydratante","Beauté",4,22,0,"Paris","Carte"
"CMD0048",2024-02-17,"C027","Lampe de bureau","Maison",1,34.9,0,"Lyon","Carte"
"CMD0049",2024-02-17,"C038","Tapis de yoga","Sport",1,24.9,0,"Paris","Carte"
"CMD0051",2024-02-19,"C065","Corde à sauter","Sport",4,9.9,0,"Nantes","Paypal"
"CMD0052",2024-02-20,"C021","Corde à sauter","Sport",2,9.9,0.2,"Paris","Carte"
"CMD0053",2024-02-21,"C031","Tapis de yoga","Sport",2,24.9,0,"Marseille","Carte"
"CMD0054",2024-02-23,"C006","Tapis de yoga","Sport",2,24.9,0.15,"Paris","Carte"
"CMD0055",2024-02-24,"C041","Coussin décoratif","Maison",2,19.9,0.1,"Lyon","Carte"
"CMD0056",2024-02-26,"C091","Gourde isotherme","Sport",4,17.5,0,"Paris","Virement"
"CMD0057",2024-02-27,"C074","Plaid en laine","Maison",3,45.5,0.1,"Lyon","Virement"
"CMD0058",2024-02-28,"C008","Parfum d'ambiance","Beauté",4,27,0.1,"Nantes","Carte"
"CMD0059",2024-02-28,"C051","Lampe de bureau","Maison",1,34.9,0.2,"Bordeaux","Carte"
"CMD0060",2024-03-02,"C078","Haltères 5 kg","Sport",1,29.9,0.05,"Lille","Paypal"
"CMD0061",2024-03-02,"C104","Tapis de yoga","Sport",4,24.9,0.15,"Paris","Carte"
"CMD0062",2024-03-06,"C099","Savon naturel","Beauté",3,6.5,0,"Lille","Paypal"
"CMD0063",2024-03-06,"C028","Tapis de yoga","Sport",3,24.9,0,"Nantes","Carte"
"CMD0064",2024-03-08,"C020","Crème hydratante","Beauté",1,22,0.2,"Paris","Carte"
"CMD0067",2024-03-09,"C107","Gourde isotherme","Sport",2,17.5,0.1,"Nantes","Carte"
"CMD0068",2024-03-15,"C067","Parfum d'ambiance","Beauté",1,27,0,"Lyon","Carte"
"CMD0069",2024-03-15,"C008","Savon naturel","Beauté",2,6.5,0,"Lyon","Carte"
"CMD0070",2024-03-17,"C059","Huile d'argan","Beauté",5,15.9,0.1,"Lyon","Carte"
"CMD0071",2024-03-18,"C069","Huile d'argan","Beauté",1,15.9,0.05,"Paris","Inconnu"
"CMD0072",2024-03-19,"C097","Plaid en laine","Maison",5,45.5,0,"Marseille","Inconnu"
"CMD0073",2024-03-19,"C043","Savon naturel","Beauté",1,6.5,0,"Lille","Paypal"
"CMD0074",2024-03-24,"C117","Set de casseroles","Maison",3,79,0.2,"Nantes","Carte"
"CMD0075",2024-03-24,"C057","Tapis de yoga","Sport",2,24.9,0.15,"Paris","Carte"
"CMD0076",2024-03-25,"C111","Haltères 5 kg","Sport",1,29.9,0,"Lyon","Carte"
"CMD0077",2024-03-26,"C069","Corde à sauter","Sport",1,9.9,0,"Lille","Carte"
"CMD0078",2024-03-27,"C020","Haltères 5 kg","Sport",1,29.9,0,"Paris","Paypal"
"CMD0079",2024-03-28,"C013","Coussin décoratif","Maison",3,19.9,0.2,"Bordeaux","Paypal"
"CMD0080",2024-03-28,"C092","Gourde isotherme","Sport",1,17.5,0,"Lille","Paypal"
"CMD0081",2024-03-29,"C113","Corde à sauter","Sport",1,9.9,0,"Paris","Carte"
"CMD0082",2024-04-01,"C020","Coussin décoratif","Maison",2,19.9,0,"Lyon","Paypal"
"CMD0083",2024-04-01,"C085","Set de casseroles","Maison",4,79,0,"Paris","Paypal"
"CMD0084",2024-04-01,"C043","Gourde isotherme","Sport",1,17.5,0.05,"Lille","Paypal"
"CMD0085",2024-04-02,"C012","Coussin décoratif","Maison",1,19.9,0.2,"Paris","Carte"
"CMD0086",2024-04-02,"C111","Crème hydratante","Beauté",1,22,0,"Marseille","Virement"
"CMD0087",2024-04-03,"C025","Huile d'argan","Beauté",1,15.9,0.15,"Paris","Carte"
"CMD0088",2024-04-03,"C053","Set de casseroles","Maison",2,79,0.05,"Lyon","Carte"
"CMD0089",2024-04-04,"C018","Corde à sauter","Sport",1,9.9,0,"Nantes","Paypal"
"CMD0090",2024-04-04,"C097","Savon naturel","Beauté",4,6.5,0.05,"Bordeaux","Virement"
"CMD0091",2024-04-05,"C095","Huile d'argan","Beauté",2,15.9,0,"Paris","Carte"
"CMD0092",2024-04-06,"C112","Corde à sauter","Sport",2,9.9,0,"Paris","Carte"
"CMD0093",2024-04-06,"C117","Haltères 5 kg","Sport",3,29.9,0,"Lyon","Inconnu"
"CMD0094",2024-04-07,"C068","Lampe de bureau","Maison",2,34.9,0,"Lille","Paypal"
"CMD0095",2024-04-07,"C070","Coussin décoratif","Maison",2,19.9,0,"Paris","Inconnu"
"CMD0096",2024-04-10,"C109","Huile d'argan","Beauté",1,15.9,0.1,"Lille","Carte"
"CMD0097",2024-04-10,"C102","Savon naturel","Beauté",2,6.5,0,"Paris","Virement"
"CMD0098",2024-04-12,"C062","Haltères 5 kg","Sport",3,29.9,0.1,"Lille","Carte"
"CMD0099",2024-04-12,"C017","Plaid en laine","Maison",3,45.5,0.1,"Marseille","Carte"
"CMD0100",2024-04-13,"C092","Corde à sauter","Sport",3,9.9,0,"Lille","Virement"
"CMD0101",2024-04-14,"C058","Parfum d'ambiance","Beauté",1,27,0,"Bordeaux","Carte"
"CMD0102",2024-04-19,"C002","Tapis de yoga","Sport",4,24.9,0.15,"Paris","Carte"
"CMD0103",2024-04-22,"C011","Plaid en laine","Maison",2,45.5,0.15,"Lille","Carte"
"CMD0104",2024-04-23,"C084","Coussin décoratif","Maison",3,19.9,0.1,"Nantes","Paypal"
"CMD0106",2024-04-25,"C015","Tapis de yoga","Sport",2,24.9,0,"Lille","Carte"
"CMD0107",2024-04-25,"C095","Corde à sauter","Sport",2,9.9,0.1,"Marseille","Virement"
"CMD0108",2024-04-25,"C076","Plaid en laine","Maison",2,45.5,0,"Paris","Paypal"
"CMD0109",2024-04-26,"C095","Parfum d'ambiance","Beauté",3,27,0,"Bordeaux","Virement"
"CMD0110",2024-04-26,"C101","Set de casseroles","Maison",2,79,0.1,"Paris","Paypal"
"CMD0111",2024-04-28,"C014","Crème hydratante","Beauté",1,22,0,"Marseille","Paypal"
"CMD0112",2024-04-29,"C116","Plaid en laine","Maison",1,45.5,0,"Marseille","Carte"
"CMD0113",2024-04-30,"C065","Corde à sauter","Sport",1,9.9,0,"Lille","Carte"
"CMD0114",2024-04-30,"C113","Lampe de bureau","Maison",3,34.9,0,"Paris","Carte"
"CMD0115",2024-05-01,"C062","Parfum d'ambiance","Beauté",1,27,0.1,"Lille","Paypal"
"CMD0116",2024-05-02,"C012","Plaid en laine","Maison",1,45.5,0.05,"Lille","Paypal"
"CMD0117",2024-05-02,"C072","Huile d'argan","Beauté",5,15.9,0.1,"Lille","Carte"
"CMD0118",2024-05-05,"C025","Huile d'argan","Beauté",3,15.9,0.1,"Lille","Carte"
"CMD0119",2024-05-06,"C062","Tapis de yoga","Sport",2,24.9,0.2,"Paris","Carte"
"CMD0120",2024-05-06,"C059","Plaid en laine","Maison",1,45.5,0,"Marseille","Carte"
"CMD0121",2024-05-06,"C100","Gourde isotherme","Sport",1,17.5,0.05,"Paris","Virement"
"CMD0122",2024-05-07,"C053","Huile d'argan","Beauté",2,15.9,0.1,"Lyon","Virement"
"CMD0123",2024-05-09,"C111","Corde à sauter","Sport",1,9.9,0.1,"Lyon","Paypal"
"CMD0124",2024-05-09,"C043","Tapis de yoga","Sport",2,24.9,0,"Paris","Paypal"
"CMD0126",2024-05-10,"C079","Haltères 5 kg","Sport",1,29.9,0,"Lille","Paypal"
"CMD0127",2024-05-11,"C101","Lampe de bureau","Maison",5,34.9,0,"Lyon","Virement"
"CMD0128",2024-05-12,"C008","Haltères 5 kg","Sport",1,29.9,0.1,"Paris","Carte"
"CMD0129",2024-05-14,"C072","Gourde isotherme","Sport",2,17.5,0.2,"Paris","Paypal"
"CMD0130",2024-05-14,"C048","Savon naturel","Beauté",2,6.5,0.1,"Lille","Carte"
"CMD0131",2024-05-14,"C078","Parfum d'ambiance","Beauté",2,27,0,"Lyon","Carte"
"CMD0133",2024-05-16,"C105","Coussin décoratif","Maison",2,19.9,0,"Paris","Carte"
"CMD0134",2024-05-16,"C081","Plaid en laine","Maison",3,45.5,0.1,"Lille","Carte"
"CMD0135",2024-05-17,"C028","Plaid en laine","Maison",2,45.5,0,"Lyon","Paypal"
"CMD0136",2024-05-19,"C088","Savon naturel","Beauté",2,6.5,0,"Marseille","Carte"
"CMD0137",2024-05-21,"C012","Huile d'argan","Beauté",3,15.9,0,"Lille","Carte"
"CMD0138",2024-05-21,"C076","Plaid en laine","Maison",1,45.5,0.15,"Lyon","Carte"
"CMD0139",2024-05-21,"C020","Set de casseroles","Maison",2,79,0.05,"Bordeaux","Carte"
"CMD0140",2024-05-21,"C058","Coussin décoratif","Maison",1,19.9,0.1,"Paris","Carte"
"CMD0141",2024-05-23,"C003","Lampe de bureau","Maison",2,34.9,0,"Nantes","Carte"
"CMD0142",2024-05-24,"C119","Crème hydratante","Beauté",2,22,0.1,"Bordeaux","Carte"
"CMD0144",2024-05-25,"C013","Plaid en laine","Maison",3,45.5,0.1,"Nantes","Virement"
"CMD0145",2024-05-25,"C080","Tapis de yoga","Sport",2,24.9,0.15,"Marseille","Carte"
"CMD0146",2024-05-26,"C102","Gourde isotherme","Sport",2,17.5,0.1,"Nantes","Paypal"
"CMD0147",2024-05-26,"C099","Haltères 5 kg","Sport",1,29.9,0,"Lille","Virement"
"CMD0149",2024-05-27,"C030","Parfum d'ambiance","Beauté",1,27,0.1,"Bordeaux","Carte"
"CMD0150",2024-05-29,"C096","Haltères 5 kg","Sport",3,29.9,0,"Paris","Carte"
"CMD0151",2024-05-29,"C101","Parfum d'ambiance","Beauté",1,27,0.15,"Lyon","Paypal"
"CMD0152",2024-05-30,"C018","Coussin décoratif","Maison",1,19.9,0,"Lyon","Virement"
"CMD0153",2024-06-05,"C097","Plaid en laine","Maison",1,45.5,0,"Paris","Paypal"
"CMD0154",2024-06-05,"C062","Gourde isotherme","Sport",3,17.5,0.15,"Paris","Carte"
"CMD0155",2024-06-06,"C049","Corde à sauter","Sport",1,9.9,0.1,"Nantes","Paypal"
"CMD0156",2024-06-08,"C011","Gourde isotherme","Sport",2,17.5,0.05,"Lyon","Carte"
"CMD0157",2024-06-09,"C005","Gourde isotherme","Sport",5,17.5,0.05,"Marseille","Carte"
"CMD0158",2024-06-09,"C035","Lampe de bureau","Maison",1,34.9,0.2,"Lille","Carte"
"CMD0159",2024-06-09,"C071","Huile d'argan","Beauté",2,15.9,0,"Bordeaux","Inconnu"
"CMD0160",2024-06-11,"C092","Corde à sauter","Sport",2,9.9,0.15,"Paris","Paypal"
"CMD0161",2024-06-13,"C044","Set de casseroles","Maison",3,79,0,"Paris","Virement"
"CMD0162",2024-06-13,"C066","Savon naturel","Beauté",2,6.5,0.1,"Paris","Paypal"
"CMD0164",2024-06-16,"C073","Gourde isotherme","Sport",3,17.5,0,"Lille","Carte"
"CMD0165",2024-06-16,"C030","Gourde isotherme","Sport",1,17.5,0.2,"Lyon","Paypal"
"CMD0166",2024-06-16,"C050","Coussin décoratif","Maison",1,19.9,0,"Marseille","Carte"
"CMD0167",2024-06-17,"C079","Plaid en laine","Maison",2,45.5,0,"Lille","Paypal"
"CMD0168",2024-06-17,"C023","Set de casseroles","Maison",2,79,0.1,"Nantes","Carte"
"CMD0169",2024-06-17,"C007","Plaid en laine","Maison",1,45.5,0,"Lyon","Carte"
"CMD0170",2024-06-18,"C033","Huile d'argan","Beauté",1,15.9,0,"Lille","Carte"
"CMD0171",2024-06-20,"C093","Gourde isotherme","Sport",1,17.5,0.1,"Paris","Carte"
"CMD0172",2024-06-20,"C053","Set de casseroles","Maison",1,79,0.15,"Paris","Carte"
"CMD0173",2024-06-21,"C015","Set de casseroles","Maison",2,79,0.2,"Nantes","Inconnu"
"CMD0174",2024-06-22,"C032","Crème hydratante","Beauté",2,22,0.1,"Marseille","Carte"
"CMD0175",2024-06-28,"C102","Haltères 5 kg","Sport",2,29.9,0,"Lille","Virement"
"CMD0176",2024-06-29,"C079","Plaid en laine","Maison",1,45.5,0,"Paris","Paypal"
"CMD0177",2024-07-03,"C080","Gourde isotherme","Sport",2,17.5,0,"Paris","Virement"
"CMD0178",2024-07-04,"C052","Gourde isotherme","Sport",1,17.5,0,"Paris","Carte"
"CMD0179",2024-07-06,"C115","Parfum d'ambiance","Beauté",4,27,0,"Paris","Virement"
"CMD0180",2024-07-07,"C019","Corde à sauter","Sport",2,9.9,0.05,"Paris","Carte"
"CMD0181",2024-07-08,"C068","Crème hydratante","Beauté",1,22,0.1,"Marseille","Carte"
"CMD0182",2024-07-09,"C093","Haltères 5 kg","Sport",4,29.9,0,"Marseille","Paypal"
"CMD0183",2024-07-10,"C083","Parfum d'ambiance","Beauté",2,27,0.15,"Marseille","Carte"
"CMD0184",2024-07-10,"C021","Set de casseroles","Maison",4,79,0,"Bordeaux","Carte"
"CMD0185",2024-07-11,"C052","Crème hydratante","Beauté",1,22,0,"Marseille","Virement"
"CMD0186",2024-07-11,"C056","Haltères 5 kg","Sport",4,29.9,0,"Paris","Carte"
"CMD0187",2024-07-12,"C072","Haltères 5 kg","Sport",2,29.9,0.05,"Lille","Carte"
"CMD0188",2024-07-12,"C069","Corde à sauter","Sport",1,9.9,0.1,"Paris","Virement"
"CMD0189",2024-07-15,"C014","Haltères 5 kg","Sport",4,29.9,0.1,"Lyon","Inconnu"
"CMD0190",2024-07-17,"C109","Corde à sauter","Sport",1,9.9,0.1,"Paris","Carte"
"CMD0191",2024-07-18,"C080","Set de casseroles","Maison",2,79,0.15,"Paris","Paypal"
"CMD0192",2024-07-18,"C028","Tapis de yoga","Sport",2,24.9,0.15,"Lyon","Inconnu"
"CMD0193",2024-07-19,"C052","Coussin décoratif","Maison",2,19.9,0,"Lyon","Paypal"
"CMD0194",2024-07-19,"C097","Lampe de bureau","Maison",1,34.9,0.05,"Lille","Carte"
"CMD0195",2024-07-21,"C069","Corde à sauter","Sport",1,9.9,0,"Paris","Paypal"
"CMD0196",2024-07-23,"C012","Huile d'argan","Beauté",2,15.9,0.1,"Lille","Paypal"
"CMD0197",2024-07-23,"C105","Huile d'argan","Beauté",1,15.9,0,"Lyon","Carte"
"CMD0198",2024-07-26,"C081","Coussin décoratif","Maison",4,19.9,0,"Lyon","Carte"
"CMD0199",2024-07-27,"C005","Tapis de yoga","Sport",1,24.9,0,"Lille","Carte"
"CMD0200",2024-07-27,"C041","Crème hydratante","Beauté",2,22,0,"Paris","Carte"
"CMD0201",2024-07-29,"C014","Savon naturel","Beauté",1,6.5,0.1,"Paris","Virement"
"CMD0202",2024-07-29,"C111","Huile d'argan","Beauté",1,15.9,0,"Paris","Paypal"
"CMD0203",2024-07-30,"C010","Savon naturel","Beauté",1,6.5,0.15,"Paris","Carte"
"CMD0204",2024-07-30,"C038","Coussin décoratif","Maison",3,19.9,0.15,"Lille","Carte"
"CMD0205",2024-08-07,"C084","Coussin décoratif","Maison",2,19.9,0.2,"Paris","Carte"
"CMD0206",2024-08-08,"C006","Haltères 5 kg","Sport",5,29.9,0.05,"Bordeaux","Paypal"
"CMD0207",2024-08-08,"C003","Huile d'argan","Beauté",4,15.9,0,"Lille","Paypal"
"CMD0208",2024-08-08,"C030","Coussin décoratif","Maison",2,19.9,0,"Paris","Carte"
"CMD0209",2024-08-08,"C060","Tapis de yoga","Sport",1,24.9,0.1,"Lille","Carte"
"CMD0210",2024-08-09,"C068","Savon naturel","Beauté",4,6.5,0,"Lyon","Carte"
"CMD0211",2024-08-13,"C066","Corde à sauter","Sport",1,9.9,0,"Nantes","Carte"
"CMD0212",2024-08-14,"C033","Coussin décoratif","Maison",1,19.9,0,"Lille","Paypal"
"CMD0213",2024-08-15,"C077","Coussin décoratif","Maison",1,19.9,0.1,"Paris","Paypal"
"CMD0214",2024-08-16,"C022","Plaid en laine","Maison",1,45.5,0,"Marseille","Paypal"
"CMD0215",2024-08-18,"C062","Coussin décoratif","Maison",3,19.9,0.2,"Lyon","Paypal"
"CMD0216",2024-08-18,"C019","Lampe de bureau","Maison",1,34.9,0.2,"Paris","Paypal"
"CMD0217",2024-08-19,"C040","Set de casseroles","Maison",2,79,0,"Lille","Carte"
"CMD0218",2024-08-19,"C098","Set de casseroles","Maison",3,79,0,"Lille","Carte"
"CMD0219",2024-08-21,"C089","Coussin décoratif","Maison",3,19.9,0,"Nantes","Carte"
"CMD0220",2024-08-21,"C002","Set de casseroles","Maison",3,79,0.1,"Lyon","Carte"
"CMD0221",2024-08-22,"C104","Corde à sauter","Sport",5,9.9,0,"Lyon","Carte"
"CMD0222",2024-08-22,"C011","Corde à sauter","Sport",1,9.9,0,"Lille","Carte"
"CMD0223",2024-08-23,"C073","Parfum d'ambiance","Beauté",3,27,0,"Lille","Paypal"
"CMD0224",2024-08-24,"C032","Parfum d'ambiance","Beauté",1,27,0.2,"Bordeaux","Paypal"
"CMD0225",2024-08-24,"C081","Crème hydratante","Beauté",2,22,0,"Marseille","Carte"
"CMD0226",2024-08-27,"C058","Haltères 5 kg","Sport",1,29.9,0.2,"Lille","Carte"
"CMD0227",2024-08-27,"C109","Haltères 5 kg","Sport",4,29.9,0.2,"Paris","Paypal"
"CMD0228",2024-08-28,"C090","Haltères 5 kg","Sport",2,29.9,0.2,"Paris","Carte"
"CMD0229",2024-08-29,"C029","Savon naturel","Beauté",1,6.5,0.05,"Paris","Virement"
"CMD0230",2024-08-30,"C093","Huile d'argan","Beauté",1,15.9,0.15,"Marseille","Virement"
"CMD0231",2024-09-01,"C095","Corde à sauter","Sport",2,9.9,0,"Nantes","Carte"
"CMD0232",2024-09-01,"C030","Haltères 5 kg","Sport",3,29.9,0.05,"Paris","Carte"
"CMD0233",2024-09-02,"C039","Corde à sauter","Sport",1,9.9,0,"Marseille","Carte"
"CMD0234",2024-09-02,"C053","Huile d'argan","Beauté",1,15.9,0.15,"Bordeaux","Virement"
"CMD0235",2024-09-03,"C060","Savon naturel","Beauté",1,6.5,0.05,"Paris","Carte"
"CMD0236",2024-09-03,"C036","Coussin décoratif","Maison",1,19.9,0.1,"Marseille","Carte"
"CMD0237",2024-09-03,"C075","Tapis de yoga","Sport",1,24.9,0,"Lyon","Paypal"
"CMD0238",2024-09-04,"C058","Tapis de yoga","Sport",4,24.9,0.1,"Bordeaux","Paypal"
"CMD0239",2024-09-04,"C066","Savon naturel","Beauté",1,6.5,0.15,"Paris","Paypal"
"CMD0240",2024-09-06,"C065","Parfum d'ambiance","Beauté",1,27,0,"Paris","Carte"
"CMD0241",2024-09-06,"C069","Set de casseroles","Maison",4,79,0.1,"Lille","Carte"
"CMD0242",2024-09-08,"C110","Set de casseroles","Maison",3,79,0,"Bordeaux","Carte"
"CMD0243",2024-09-09,"C098","Corde à sauter","Sport",1,9.9,0,"Nantes","Carte"
"CMD0244",2024-09-09,"C047","Set de casseroles","Maison",1,79,0.2,"Lille","Virement"
"CMD0245",2024-09-09,"C015","Set de casseroles","Maison",5,79,0,"Paris","Carte"
"CMD0246",2024-09-11,"C090","Corde à sauter","Sport",2,9.9,0,"Paris","Carte"
"CMD0247",2024-09-11,"C110","Coussin décoratif","Maison",4,19.9,0.05,"Marseille","Paypal"
"CMD0248",2024-09-11,"C075","Savon naturel","Beauté",2,6.5,0,"Nantes","Carte"
"CMD0250",2024-09-12,"C021","Set de casseroles","Maison",2,79,0,"Bordeaux","Carte"
"CMD0251",2024-09-12,"C076","Lampe de bureau","Maison",1,34.9,0,"Bordeaux","Carte"
"CMD0252",2024-09-14,"C042","Huile d'argan","Beauté",1,15.9,0,"Lille","Carte"
"CMD0253",2024-09-14,"C058","Corde à sauter","Sport",1,9.9,0,"Paris","Carte"
"CMD0254",2024-09-17,"C035","Savon naturel","Beauté",3,6.5,0,"Paris","Paypal"
"CMD0255",2024-09-19,"C048","Haltères 5 kg","Sport",3,29.9,0.2,"Lille","Carte"
"CMD0256",2024-09-20,"C007","Parfum d'ambiance","Beauté",1,27,0,"Marseille","Carte"
"CMD0257",2024-09-20,"C045","Gourde isotherme","Sport",2,17.5,0.05,"Lyon","Carte"
"CMD0258",2024-09-21,"C069","Haltères 5 kg","Sport",1,29.9,0.2,"Bordeaux","Carte"
"CMD0259",2024-09-22,"C072","Savon naturel","Beauté",1,6.5,0.15,"Paris","Carte"
"CMD0260",2024-09-23,"C103","Gourde isotherme","Sport",1,17.5,0,"Paris","Paypal"
"CMD0261",2024-09-23,"C101","Tapis de yoga","Sport",3,24.9,0.1,"Marseille","Paypal"
"CMD0262",2024-09-24,"C094","Plaid en laine","Maison",3,45.5,0,"Paris","Carte"
"CMD0263",2024-09-25,"C111","Haltères 5 kg","Sport",1,29.9,0,"Marseille","Carte"
"CMD0264",2024-09-25,"C091","Huile d'argan","Beauté",2,15.9,0,"Nantes","Paypal"
"CMD0265",2024-09-26,"C101","Huile d'argan","Beauté",2,15.9,0,"Lyon","Inconnu"
"CMD0266",2024-09-27,"C076","Tapis de yoga","Sport",2,24.9,0,"Lyon","Virement"
"CMD0267",2024-09-29,"C081","Huile d'argan","Beauté",5,15.9,0,"Lyon","Carte"
"CMD0268",2024-09-30,"C063","Gourde isotherme","Sport",2,17.5,0,"Paris","Paypal"
"CMD0269",2024-10-02,"C119","Huile d'argan","Beauté",3,15.9,0.1,"Paris","Carte"
"CMD0270",2024-10-02,"C009","Coussin décoratif","Maison",3,19.9,0,"Paris","Carte"
"CMD0271",2024-10-04,"C035","Lampe de bureau","Maison",1,34.9,0.1,"Paris","Inconnu"
"CMD0272",2024-10-05,"C077","Lampe de bureau","Maison",2,34.9,0,"Bordeaux","Virement"
"CMD0273",2024-10-06,"C083","Gourde isotherme","Sport",2,17.5,0.05,"Lyon","Paypal"
"CMD0274",2024-10-09,"C047","Tapis de yoga","Sport",1,24.9,0.05,"Lyon","Carte"
"CMD0275",2024-10-11,"C035","Savon naturel","Beauté",1,6.5,0,"Lille","Paypal"
"CMD0277",2024-10-12,"C070","Crème hydratante","Beauté",3,22,0.15,"Paris","Paypal"
"CMD0278",2024-10-14,"C015","Savon naturel","Beauté",2,6.5,0.2,"Lille","Carte"
"CMD0279",2024-10-19,"C066","Coussin décoratif","Maison",3,19.9,0,"Paris","Virement"
"CMD0280",2024-10-20,"C108","Coussin décoratif","Maison",2,19.9,0.1,"Lille","Carte"
"CMD0281",2024-10-20,"C030","Corde à sauter","Sport",1,9.9,0.05,"Paris","Carte"
"CMD0282",2024-10-20,"C118","Set de casseroles","Maison",1,79,0.15,"Paris","Paypal"
"CMD0283",2024-10-20,"C102","Coussin décoratif","Maison",5,19.9,0,"Lyon","Paypal"
"CMD0284",2024-10-21,"C003","Crème hydratante","Beauté",4,22,0.1,"Paris","Carte"
"CMD0285",2024-10-22,"C113","Coussin décoratif","Maison",2,19.9,0,"Marseille","Carte"
"CMD0286",2024-10-22,"C065","Gourde isotherme","Sport",1,17.5,0,"Lille","Paypal"
"CMD0287",2024-10-23,"C005","Plaid en laine","Maison",3,45.5,0.1,"Paris","Carte"
"CMD0288",2024-10-24,"C072","Tapis de yoga","Sport",3,24.9,0,"Paris","Carte"
"CMD0289",2024-10-24,"C103","Corde à sauter","Sport",3,9.9,0.2,"Bordeaux","Carte"
"CMD0290",2024-10-24,"C038","Gourde isotherme","Sport",2,17.5,0,"Paris","Carte"
"CMD0291",2024-10-25,"C048","Huile d'argan","Beauté",5,15.9,0,"Paris","Carte"
"CMD0292",2024-10-25,"C117","Corde à sauter","Sport",1,9.9,0.2,"Nantes","Virement"
"CMD0293",2024-10-25,"C025","Crème hydratante","Beauté",4,22,0.15,"Nantes","Paypal"
"CMD0294",2024-10-27,"C096","Savon naturel","Beauté",2,6.5,0.1,"Lyon","Carte"
"CMD0295",2024-10-27,"C011","Corde à sauter","Sport",2,9.9,0.15,"Bordeaux","Carte"
"CMD0297",2024-10-31,"C002","Gourde isotherme","Sport",2,17.5,0.05,"Paris","Paypal"
"CMD0298",2024-10-31,"C034","Coussin décoratif","Maison",3,19.9,0.1,"Paris","Virement"
"CMD0299",2024-11-01,"C043","Corde à sauter","Sport",2,9.9,0.15,"Lille","Carte"
"CMD0300",2024-11-02,"C031","Tapis de yoga","Sport",1,24.9,0,"Lille","Carte"
"CMD0301",2024-11-02,"C066","Crème hydratante","Beauté",4,22,0,"Nantes","Virement"
"CMD0302",2024-11-02,"C062","Corde à sauter","Sport",4,9.9,0.1,"Paris","Carte"
"CMD0303",2024-11-02,"C014","Savon naturel","Beauté",2,6.5,0,"Lille","Virement"
"CMD0304",2024-11-05,"C100","Gourde isotherme","Sport",3,17.5,0,"Paris","Carte"
"CMD0305",2024-11-05,"C031","Huile d'argan","Beauté",2,15.9,0,"Marseille","Carte"
"CMD0306",2024-11-05,"C040","Savon naturel","Beauté",1,6.5,0,"Marseille","Carte"
"CMD0307",2024-11-05,"C054","Lampe de bureau","Maison",2,34.9,0,"Lyon","Inconnu"
"CMD0308",2024-11-06,"C067","Parfum d'ambiance","Beauté",3,27,0.15,"Paris","Paypal"
"CMD0309",2024-11-06,"C008","Lampe de bureau","Maison",1,34.9,0.15,"Paris","Carte"
"CMD0310",2024-11-07,"C081","Haltères 5 kg","Sport",1,29.9,0.1,"Lille","Virement"
"CMD0311",2024-11-09,"C022","Corde à sauter","Sport",3,9.9,0,"Paris","Carte"
"CMD0312",2024-11-09,"C118","Set de casseroles","Maison",2,79,0.2,"Lyon","Carte"
"CMD0313",2024-11-10,"C044","Set de casseroles","Maison",2,79,0.05,"Paris","Carte"
"CMD0314",2024-11-12,"C099","Crème hydratante","Beauté",1,22,0,"Lille","Paypal"
"CMD0315",2024-11-12,"C072","Plaid en laine","Maison",1,45.5,0,"Nantes","Paypal"
"CMD0316",2024-11-12,"C040","Lampe de bureau","Maison",2,34.9,0,"Marseille","Carte"
"CMD0317",2024-11-13,"C092","Haltères 5 kg","Sport",2,29.9,0.05,"Lille","Paypal"
"CMD0318",2024-11-14,"C023","Corde à sauter","Sport",2,9.9,0,"Paris","Carte"
"CMD0319",2024-11-14,"C091","Coussin décoratif","Maison",3,19.9,0,"Lille","Carte"
"CMD0320",2024-11-15,"C066","Crème hydratante","Beauté",1,22,0.05,"Paris","Paypal"
"CMD0323",2024-11-17,"C004","Lampe de bureau","Maison",2,34.9,0.15,"Paris","Carte"
"CMD0324",2024-11-18,"C097","Coussin décoratif","Maison",1,19.9,0,"Marseille","Carte"
"CMD0325",2024-11-18,"C032","Tapis de yoga","Sport",1,24.9,0,"Marseille","Carte"
"CMD0326",2024-11-18,"C113","Parfum d'ambiance","Beauté",2,27,0.2,"Paris","Carte"
"CMD0327",2024-11-19,"C048","Plaid en laine","Maison",1,45.5,0.1,"Paris","Paypal"
"CMD0328",2024-11-19,"C028","Parfum d'ambiance","Beauté",5,27,0,"Paris","Virement"
"CMD0329",2024-11-21,"C097","Crème hydratante","Beauté",3,22,0.15,"Bordeaux","Paypal"
"CMD0330",2024-11-21,"C017","Corde à sauter","Sport",1,9.9,0.05,"Lyon","Paypal"
"CMD0331",2024-11-22,"C117","Corde à sauter","Sport",1,9.9,0,"Lille","Carte"
"CMD0332",2024-11-22,"C092","Coussin décoratif","Maison",2,19.9,0.2,"Lyon","Carte"
"CMD0333",2024-11-23,"C033","Savon naturel","Beauté",2,6.5,0.05,"Bordeaux","Paypal"
"CMD0334",2024-11-23,"C110","Tapis de yoga","Sport",1,24.9,0,"Lyon","Carte"
"CMD0335",2024-11-23,"C088","Set de casseroles","Maison",4,79,0,"Lyon","Carte"
"CMD0336",2024-11-23,"C001","Huile d'argan","Beauté",2,15.9,0,"Lille","Virement"
"CMD0337",2024-11-24,"C109","Coussin décoratif","Maison",2,19.9,0.1,"Lille","Carte"
"CMD0338",2024-11-24,"C089","Plaid en laine","Maison",2,45.5,0,"Lyon","Carte"
"CMD0339",2024-11-27,"C065","Set de casseroles","Maison",2,79,0,"Lyon","Paypal"
"CMD0340",2024-11-27,"C055","Parfum d'ambiance","Beauté",5,27,0,"Bordeaux","Carte"
"CMD0341",2024-11-27,"C120","Plaid en laine","Maison",1,45.5,0,"Lille","Carte"
"CMD0342",2024-11-27,"C090","Parfum d'ambiance","Beauté",2,27,0.1,"Lille","Paypal"
"CMD0343",2024-11-27,"C066","Parfum d'ambiance","Beauté",2,27,0,"Nantes","Carte"
"CMD0344",2024-11-29,"C033","Gourde isotherme","Sport",2,17.5,0,"Lyon","Carte"
"CMD0345",2024-11-29,"C072","Gourde isotherme","Sport",1,17.5,0.15,"Marseille","Carte"
"CMD0346",2024-11-29,"C074","Plaid en laine","Maison",2,45.5,0.15,"Lille","Carte"
"CMD0347",2024-11-30,"C113","Tapis de yoga","Sport",2,24.9,0.05,"Paris","Carte"
"CMD0348",2024-11-30,"C022","Savon naturel","Beauté",1,6.5,0.15,"Lille","Paypal"
"CMD0349",2024-12-01,"C022","Coussin décoratif","Maison",2,19.9,0.05,"Marseille","Carte"
"CMD0351",2024-12-02,"C065","Crème hydratante","Beauté",1,22,0,"Lyon","Virement"
"CMD0352",2024-12-02,"C017","Gourde isotherme","Sport",1,17.5,0,"Bordeaux","Paypal"
"CMD0353",2024-12-02,"C109","Corde à sauter","Sport",1,9.9,0,"Lyon","Paypal"
"CMD0354",2024-12-03,"C006","Parfum d'ambiance","Beauté",1,27,0,"Paris","Carte"
"CMD0355",2024-12-03,"C044","Coussin décoratif","Maison",4,19.9,0,"Marseille","Virement"
"CMD0356",2024-12-03,"C001","Haltères 5 kg","Sport",5,29.9,0,"Lyon","Carte"
"CMD0357",2024-12-05,"C110","Savon naturel","Beauté",4,6.5,0,"Paris","Carte"
"CMD0358",2024-12-05,"C109","Huile d'argan","Beauté",2,15.9,0.05,"Lyon","Paypal"
"CMD0359",2024-12-06,"C082","Lampe de bureau","Maison",5,34.9,0,"Marseille","Carte"
"CMD0360",2024-12-07,"C108","Huile d'argan","Beauté",3,15.9,0.15,"Bordeaux","Carte"
"CMD0361",2024-12-07,"C079","Crème hydratante","Beauté",1,22,0.1,"Lille","Carte"
"CMD0362",2024-12-08,"C013","Savon naturel","Beauté",1,6.5,0,"Paris","Paypal"
"CMD0363",2024-12-08,"C047","Plaid en laine","Maison",3,45.5,0,"Marseille","Carte"
"CMD0364",2024-12-08,"C036","Plaid en laine","Maison",1,45.5,0.2,"Marseille","Carte"
"CMD0365",2024-12-08,"C079","Gourde isotherme","Sport",3,17.5,0,"Marseille","Carte"
"CMD0366",2024-12-10,"C046","Parfum d'ambiance","Beauté",1,27,0,"Lyon","Paypal"
"CMD0367",2024-12-10,"C104","Crème hydratante","Beauté",1,22,0.05,"Marseille","Virement"
"CMD0368",2024-12-11,"C114","Parfum d'ambiance","Beauté",1,27,0,"Lille","Paypal"
"CMD0369",2024-12-13,"C031","Corde à sauter","Sport",1,9.9,0,"Paris","Paypal"
"CMD0370",2024-12-13,"C109","Corde à sauter","Sport",1,9.9,0,"Paris","Carte"
"CMD0371",2024-12-14,"C025","Crème hydratante","Beauté",2,22,0.2,"Lyon","Paypal"
"CMD0372",2024-12-15,"C078","Corde à sauter","Sport",3,9.9,0.15,"Lyon","Virement"
"CMD0373",2024-12-15,"C105","Set de casseroles","Maison",1,79,0.05,"Lille","Carte"
"CMD0374",2024-12-15,"C014","Haltères 5 kg","Sport",4,29.9,0,"Lille","Virement"
"CMD0375",2024-12-16,"C119","Plaid en laine","Maison",2,45.5,0.05,"Bordeaux","Paypal"
"CMD0376",2024-12-16,"C090","Savon naturel","Beauté",1,6.5,0.05,"Lyon","Carte"
"CMD0377",2024-12-16,"C013","Corde à sauter","Sport",1,9.9,0,"Marseille","Paypal"
"CMD0378",2024-12-16,"C092","Plaid en laine","Maison",1,45.5,0.05,"Paris","Carte"
"CMD0379",2024-12-19,"C109","Gourde isotherme","Sport",5,17.5,0,"Lyon","Carte"
"CMD0380",2024-12-19,"C068","Set de casseroles","Maison",1,79,0.05,"Paris","Paypal"
"CMD0381",2024-12-20,"C002","Coussin décoratif","Maison",1,19.9,0,"Paris","Paypal"
"CMD0382",2024-12-21,"C026","Savon naturel","Beauté",1,6.5,0.05,"Paris","Carte"
"CMD0383",2024-12-21,"C072","Haltères 5 kg","Sport",3,29.9,0,"Lyon","Carte"
"CMD0384",2024-12-22,"C008","Crème hydratante","Beauté",3,22,0,"Marseille","Virement"
"CMD0385",2024-12-22,"C114","Haltères 5 kg","Sport",2,29.9,0,"Lyon","Paypal"
"CMD0386",2024-12-24,"C075","Crème hydratante","Beauté",3,22,0,"Nantes","Carte"
"CMD0387",2024-12-24,"C073","Savon naturel","Beauté",4,6.5,0,"Lille","Carte"
"CMD0388",2024-12-24,"C088","Haltères 5 kg","Sport",4,29.9,0.2,"Bordeaux","Carte"
"CMD0389",2024-12-24,"C078","Haltères 5 kg","Sport",5,29.9,0,"Paris","Carte"
"CMD0390",2024-12-24,"C034","Savon naturel","Beauté",4,6.5,0.15,"Bordeaux","Paypal"
"CMD0391",2024-12-24,"C036","Coussin décoratif","Maison",4,19.9,0,"Lyon","Carte"
"CMD0392",2024-12-25,"C110","Set de casseroles","Maison",1,79,0,"Lyon","Carte"
"CMD0393",2024-12-26,"C003","Huile d'argan","Beauté",1,15.9,0.05,"Lyon","Paypal"
"CMD0394",2024-12-26,"C114","Lampe de bureau","Maison",2,34.9,0,"Lyon","Carte"
"CMD0396",2024-12-28,"C087","Haltères 5 kg","Sport",4,29.9,0.05,"Bordeaux","Paypal"
"CMD0397",2024-12-29,"C109","Lampe de bureau","Maison",1,34.9,0,"Marseille","Carte"
"CMD0398",2024-12-30,"C073","Corde à sauter","Sport",2,9.9,0,"Lille","Virement"
"CMD0399",2024-12-30,"C110","Parfum d'ambiance","Beauté",1,27,0.1,"Lyon","Paypal"
"CMD0400",2024-12-31,"C107","Set de casseroles","Maison",5,79,0,"Paris","Carte"
